date,rank,title,url,snippet
2025-12-30,1,TechnicalSEO.com | SEO Tools & Insights,https://technicalseo.com/,"Technical SEO is defined by configurations that can be implemented to the website and server (e.g. page elements, HTTP header responses, XML Sitemaps, redirects ..."
2025-12-30,2,What Is Technical SEO? Basics and Best Practices,https://www.semrush.com/blog/technical-seo/,"Technical SEO is about improving your website to make it easier for search engines to find, understand, and store your content."
2025-12-30,3,Technical SEO Techniques and Strategies,https://developers.google.com/search/docs/fundamentals/get-started,"This guide covers more in-depth SEO tasks, such as preparing for a site move or managing a multi-lingual site."
2025-12-30,4,What Is Technical SEO? The Definitive Guide,https://searchengineland.com/guide/what-is-technical-seo,"Technical SEO is the process of optimizing your website's infrastructure so search engines can crawl, render, index, and serve your content correctly and ..."
2025-12-30,5,Technical SEO: The Ultimate Guide for 2025,https://backlinko.com/technical-seo-guide,Technical SEO is the process of ensuring that a website meets the technical requirements of modern search engines with the goal of improved organic rankings.
2025-12-30,6,The Beginner's Guide to Technical SEO,https://ahrefs.com/blog/technical-seo/,"Technical SEO is the practice of optimizing your website to help search engines find, crawl, understand, and index your pages."
2025-12-30,7,Technical SEO,https://www.mtu.edu/umc/services/websites/seo/technical-seo/,Technical SEO is the process of optimizing the technical aspects of a website to improve its search engine rankings.
2025-12-30,8,What is Technical SEO?,https://www.geeksforgeeks.org/blogs/what-is-technical-seo/,Technical SEO is a method of optimizing a website's technical elements to improve its performance in SERPs or Search Engine Result Pages.
2025-12-30,9,Technical SEO [Beginner's Guide to SEO] - Moz,https://moz.com/beginners-guide-to-seo/technical-seo,Basic technical knowledge will help you optimize your site for search engines and establish credibility with developers.
2025-12-31,1,TechnicalSEO.com | SEO Tools & Insights,https://technicalseo.com/,"Technical SEO is defined by configurations that can be implemented to the website and server (e.g. page elements, HTTP header responses, XML Sitemaps, redirects ..."
2025-12-31,2,What Is Technical SEO? Basics and Best Practices,https://www.semrush.com/blog/technical-seo/,"Technical SEO is about improving your website to make it easier for search engines to find, understand, and store your content."
2025-12-31,3,Technical SEO Techniques and Strategies,https://developers.google.com/search/docs/fundamentals/get-started,"This guide covers more in-depth SEO tasks, such as preparing for a site move or managing a multi-lingual site."
2025-12-31,4,What Is Technical SEO? The Definitive Guide,https://searchengineland.com/guide/what-is-technical-seo,"Technical SEO is the process of optimizing your website's infrastructure so search engines can crawl, render, index, and serve your content correctly and ..."
2025-12-31,5,Technical SEO: The Ultimate Guide for 2025,https://backlinko.com/technical-seo-guide,Technical SEO is the process of ensuring that a website meets the technical requirements of modern search engines with the goal of improved organic rankings.
2025-12-31,6,The Beginner's Guide to Technical SEO,https://ahrefs.com/blog/technical-seo/,"Technical SEO is the practice of optimizing your website to help search engines find, crawl, understand, and index your pages."
2025-12-31,7,Technical SEO,https://www.mtu.edu/umc/services/websites/seo/technical-seo/,Technical SEO is the process of optimizing the technical aspects of a website to improve its search engine rankings.
2025-12-31,8,What is Technical SEO?,https://www.geeksforgeeks.org/blogs/what-is-technical-seo/,Technical SEO is a method of optimizing a website's technical elements to improve its performance in SERPs or Search Engine Result Pages.
2025-12-31,9,What's technical SEO? 8 technical aspects everyone ...,https://yoast.com/what-is-technical-seo/,Technical SEO is all about improving a website's technical aspects to increase its pages' ranking in the search engines.
2026-01-01,1,TechnicalSEO.com | SEO Tools & Insights,https://technicalseo.com/,"Technical SEO is defined by configurations that can be implemented to the website and server (e.g. page elements, HTTP header responses, XML Sitemaps, redirects ..."
2026-01-01,2,What Is Technical SEO? Basics and Best Practices,https://www.semrush.com/blog/technical-seo/,"Technical SEO is about improving your website to make it easier for search engines to find, understand, and store your content."
2026-01-01,3,Technical SEO Techniques and Strategies,https://developers.google.com/search/docs/fundamentals/get-started,"This guide covers more in-depth SEO tasks, such as preparing for a site move or managing a multi-lingual site."
2026-01-01,4,Technical SEO: The Ultimate Guide for 2025,https://backlinko.com/technical-seo-guide,Technical SEO is the process of ensuring that a website meets the technical requirements of modern search engines with the goal of improved organic rankings.
2026-01-01,5,What Is Technical SEO? The Definitive Guide,https://searchengineland.com/guide/what-is-technical-seo,"Technical SEO is the process of optimizing your website's infrastructure so search engines can crawl, render, index, and serve your content correctly and ..."
2026-01-01,6,The Beginner's Guide to Technical SEO,https://ahrefs.com/blog/technical-seo/,"Technical SEO is the practice of optimizing your website to help search engines find, crawl, understand, and index your pages."
2026-01-01,7,What is Technical SEO?,https://www.geeksforgeeks.org/blogs/what-is-technical-seo/,Technical SEO is a method of optimizing a website's technical elements to improve its performance in SERPs or Search Engine Result Pages.
2026-01-02,1,TechnicalSEO.com | SEO Tools & Insights,https://technicalseo.com/,"Technical SEO is defined by configurations that can be implemented to the website and server (e.g. page elements, HTTP header responses, XML Sitemaps, redirects ..."
2026-01-02,2,What Is Technical SEO? Basics and Best Practices,https://www.semrush.com/blog/technical-seo/,"Technical SEO is about improving your website to make it easier for search engines to find, understand, and store your content."
2026-01-02,3,Technical SEO Techniques and Strategies,https://developers.google.com/search/docs/fundamentals/get-started,"This guide covers more in-depth SEO tasks, such as preparing for a site move or managing a multi-lingual site."
2026-01-02,4,Technical SEO: The Ultimate Guide for 2026,https://backlinko.com/technical-seo-guide,Technical SEO is the process of ensuring that a website meets the technical requirements of modern search engines with the goal of improved organic rankings.
2026-01-02,5,What Is Technical SEO? The Definitive Guide,https://searchengineland.com/guide/what-is-technical-seo,"Technical SEO is the process of optimizing your website's infrastructure so search engines can crawl, render, index, and serve your content correctly and efficiently."
2026-01-02,6,The Beginner's Guide to Technical SEO,https://ahrefs.com/blog/technical-seo/,"Technical SEO is the practice of optimizing your website to help search engines find, crawl, understand, and index your pages."
2026-01-02,7,What is Technical SEO?,https://www.geeksforgeeks.org/blogs/what-is-technical-seo/,Technical SEO is a method of optimizing a website's technical elements to improve its performance in SERPs or Search Engine Result Pages.
2026-01-02,8,Technical SEO,https://www.mtu.edu/umc/services/websites/seo/technical-seo/,"Technical SEO refers to measurable metrics which affect search engine optimization and search engine rankings that web developers, programmers, and infrastructure managers can influence."
2026-01-03,1,TechnicalSEO.com | SEO Tools & Insights,https://technicalseo.com/,"Technical SEO is defined by configurations that can be implemented to the website and server (e.g. page elements, HTTP header responses, XML Sitemaps, redirects ..."
2026-01-03,2,What Is Technical SEO? Basics and Best Practices,https://www.semrush.com/blog/technical-seo/,"Technical SEO is about improving your website to make it easier for search engines to find, understand, and store your content."
2026-01-03,3,Technical SEO Techniques and Strategies,https://developers.google.com/search/docs/fundamentals/get-started,"This guide covers more in-depth SEO tasks, such as preparing for a site move or managing a multi-lingual site."
2026-01-03,4,Technical SEO: The Ultimate Guide for 2026,https://backlinko.com/technical-seo-guide,Technical SEO is the process of ensuring that a website meets the technical requirements of modern search engines with the goal of improved organic rankings.
2026-01-03,5,What Is Technical SEO? The Definitive Guide,https://searchengineland.com/guide/what-is-technical-seo,"Technical SEO is the process of optimizing your website's infrastructure so search engines can crawl, render, index, and serve your content correctly and ..."
2026-01-03,6,The Beginner's Guide to Technical SEO,https://ahrefs.com/blog/technical-seo/,"Technical SEO is the practice of optimizing your website to help search engines find, crawl, understand, and index your pages."
2026-01-03,7,What is Technical SEO?,https://www.geeksforgeeks.org/blogs/what-is-technical-seo/,Technical SEO is a method of optimizing a website's technical elements to improve its performance in SERPs or Search Engine Result Pages.
2026-01-03,8,Technical SEO,https://www.mtu.edu/umc/services/websites/seo/technical-seo/,Technical SEO is the process of optimizing the technical aspects of a website to improve its search engine rankings.
2026-01-04,1,TechnicalSEO.com | SEO Tools & Insights,https://technicalseo.com/,"Technical SEO is defined by configurations that can be implemented to the website and server (e.g. page elements, HTTP header responses, XML Sitemaps, redirects ..."
2026-01-04,2,Technical SEO Techniques and Strategies,https://developers.google.com/search/docs/fundamentals/get-started,"This guide covers more in-depth SEO tasks, such as preparing for a site move or managing a multi-lingual site."
2026-01-04,3,What Is Technical SEO? Basics and Best Practices,https://www.semrush.com/blog/technical-seo/,"Technical SEO is about improving your website to make it easier for search engines to find, understand, and store your content."
2026-01-04,4,Technical SEO: The Ultimate Guide for 2026,https://backlinko.com/technical-seo-guide,Technical SEO is the process of ensuring that a website meets the technical requirements of modern search engines with the goal of improved organic rankings.
2026-01-04,5,What Is Technical SEO? The Definitive Guide,https://searchengineland.com/guide/what-is-technical-seo,"Technical SEO is the process of optimizing your website's infrastructure so search engines can crawl, render, index, and serve your content correctly and ..."
2026-01-04,6,The Beginner's Guide to Technical SEO,https://ahrefs.com/blog/technical-seo/,"Technical SEO is the practice of optimizing your website to help search engines find, crawl, understand, and index your pages."
2026-01-04,7,What is Technical SEO?,https://www.geeksforgeeks.org/blogs/what-is-technical-seo/,Technical SEO is a method of optimizing a website's technical elements to improve its performance in SERPs or Search Engine Result Pages.
2026-01-04,8,Advanced Technical SEO: A Complete Guide,https://www.searchenginejournal.com/technical-seo/,"Technical SEO covers all of the technical aspects of your website that affect SEO, from hosting and site speed to XML sitemaps and meta robots tags."
2026-01-05,1,TechnicalSEO.com | SEO Tools & Insights,https://technicalseo.com/,"Technical SEO is defined by configurations that can be implemented to the website and server (e.g. page elements, HTTP header responses, XML Sitemaps, redirects ..."
2026-01-05,2,Technical SEO Techniques and Strategies,https://developers.google.com/search/docs/fundamentals/get-started,"This guide covers more in-depth SEO tasks, such as preparing for a site move or managing a multi-lingual site."
2026-01-05,3,What Is Technical SEO? Basics and Best Practices,https://www.semrush.com/blog/technical-seo/,"Technical SEO is about improving your website to make it easier for search engines to find, understand, and store your content."
2026-01-05,4,Technical SEO: The Ultimate Guide for 2026,https://backlinko.com/technical-seo-guide,Technical SEO is the process of ensuring that a website meets the technical requirements of modern search engines with the goal of improved organic rankings.
2026-01-05,5,What Is Technical SEO? The Definitive Guide,https://searchengineland.com/guide/what-is-technical-seo,"Technical SEO is the process of optimizing your website's infrastructure so search engines can crawl, render, index, and serve your content correctly and ..."
2026-01-05,6,The Beginner's Guide to Technical SEO,https://ahrefs.com/blog/technical-seo/,"Technical SEO is the practice of optimizing your website to help search engines find, crawl, understand, and index your pages."
2026-01-05,7,What is Technical SEO?,https://www.geeksforgeeks.org/blogs/what-is-technical-seo/,Technical SEO is a method of optimizing a website's technical elements to improve its performance in SERPs or Search Engine Result Pages.
2026-01-06,1,TechnicalSEO.com | SEO Tools & Insights,https://technicalseo.com/,"Technical SEO is defined by configurations that can be implemented to the website and server (e.g. page elements, HTTP header responses, XML Sitemaps, redirects ..."
2026-01-06,2,Technical SEO Techniques and Strategies,https://developers.google.com/search/docs/fundamentals/get-started,"This guide covers more in-depth SEO tasks, such as preparing for a site move or managing a multi-lingual site."
2026-01-06,3,What Is Technical SEO? Basics and Best Practices,https://www.semrush.com/blog/technical-seo/,"Technical SEO is about improving your website to make it easier for search engines to find, understand, and store your content."
2026-01-06,4,Technical SEO: The Ultimate Guide for 2026,https://backlinko.com/technical-seo-guide,Technical SEO is the process of ensuring that a website meets the technical requirements of modern search engines with the goal of improved organic rankings.
2026-01-06,5,What Is Technical SEO? The Definitive Guide,https://searchengineland.com/guide/what-is-technical-seo,"Technical SEO is the process of optimizing your website's infrastructure so search engines can crawl, render, index, and serve your content correctly and ..."
2026-01-06,6,The Beginner's Guide to Technical SEO,https://ahrefs.com/blog/technical-seo/,"Technical SEO is the practice of optimizing your website to help search engines find, crawl, understand, and index your pages."
2026-01-06,7,What is Technical SEO?,https://www.geeksforgeeks.org/blogs/what-is-technical-seo/,Technical SEO is a method of optimizing a website's technical elements to improve its performance in SERPs or Search Engine Result Pages.
2026-01-07,1,TechnicalSEO.com | SEO Tools & Insights,https://technicalseo.com/,"Technical SEO is defined by configurations that can be implemented to the website and server (e.g. page elements, HTTP header responses, XML Sitemaps, redirects ..."
2026-01-07,2,Technical SEO Techniques and Strategies,https://developers.google.com/search/docs/fundamentals/get-started,"This guide covers more in-depth SEO tasks, such as preparing for a site move or managing a multi-lingual site."
2026-01-07,3,What Is Technical SEO? Basics and Best Practices,https://www.semrush.com/blog/technical-seo/,"Technical SEO is about improving your website to make it easier for search engines to find, understand, and store your content."
2026-01-07,4,Technical SEO: The Ultimate Guide for 2026,https://backlinko.com/technical-seo-guide,Technical SEO is the process of ensuring that a website meets the technical requirements of modern search engines with the goal of improved organic rankings.
2026-01-07,5,What Is Technical SEO? The Definitive Guide,https://searchengineland.com/guide/what-is-technical-seo,"Technical SEO is the process of optimizing your website's infrastructure so search engines can crawl, render, index, and serve your content correctly and ..."
2026-01-07,6,Technical SEO,https://www.mtu.edu/umc/services/websites/seo/technical-seo/,Technical SEO is the process of optimizing the technical aspects of a website to improve its search engine rankings.
2026-01-07,7,The Beginner's Guide to Technical SEO,https://ahrefs.com/blog/technical-seo/,"Technical SEO is the practice of optimizing your website to help search engines find, crawl, understand, and index your pages."
2026-01-07,8,What is Technical SEO?,https://www.geeksforgeeks.org/blogs/what-is-technical-seo/,"Technical SEO, in simple terms, refers to the optimization of a website's technical elements to improve its visibility and performance in ..."
2026-01-08,1,TechnicalSEO.com | SEO Tools & Insights,https://technicalseo.com/,"Technical SEO is defined by configurations that can be implemented to the website and server (e.g. page elements, HTTP header responses, XML Sitemaps, redirects ..."
2026-01-08,2,Technical SEO Techniques and Strategies,https://developers.google.com/search/docs/fundamentals/get-started,"This guide covers more in-depth SEO tasks, such as preparing for a site move or managing a multi-lingual site."
2026-01-08,3,What Is Technical SEO? Basics and Best Practices,https://www.semrush.com/blog/technical-seo/,"Technical SEO is about improving your website to make it easier for search engines to find, understand, and store your content."
2026-01-08,4,Technical SEO: The Ultimate Guide for 2026,https://backlinko.com/technical-seo-guide,Technical SEO is the process of ensuring that a website meets the technical requirements of modern search engines with the goal of improved organic rankings.
2026-01-08,5,What Is Technical SEO? The Definitive Guide,https://searchengineland.com/guide/what-is-technical-seo,"Technical SEO is the process of optimizing your website's infrastructure so search engines can crawl, render, index, and serve your content correctly and ..."
2026-01-08,6,The Beginner's Guide to Technical SEO,https://ahrefs.com/blog/technical-seo/,"Technical SEO is the practice of optimizing your website to help search engines find, crawl, understand, and index your pages."
2026-01-08,7,What is Technical SEO?,https://www.geeksforgeeks.org/blogs/what-is-technical-seo/,Technical SEO is a method of optimizing a website's technical elements to improve its performance in SERPs or Search Engine Result Pages.
2026-01-09,1,TechnicalSEO.com | SEO Tools & Insights,https://technicalseo.com/,"Technical SEO is defined by configurations that can be implemented to the website and server (e.g. page elements, HTTP header responses, XML Sitemaps, redirects ..."
2026-01-09,2,What Is Technical SEO? Basics and Best Practices,https://www.semrush.com/blog/technical-seo/,"Technical SEO is about improving your website to make it easier for search engines to find, understand, and store your content."
2026-01-09,3,Technical SEO Techniques and Strategies,https://developers.google.com/search/docs/fundamentals/get-started,"This guide covers more in-depth SEO tasks, such as preparing for a site move or managing a multi-lingual site."
2026-01-09,4,What Is Technical SEO? The Definitive Guide,https://searchengineland.com/guide/what-is-technical-seo,"Technical SEO is the process of optimizing your website's infrastructure so search engines can crawl, render, index, and serve your content correctly and ..."
2026-01-09,5,Technical SEO: The Ultimate Guide for 2026,https://backlinko.com/technical-seo-guide,Technical SEO is the process of ensuring that a website meets the technical requirements of modern search engines with the goal of improved organic rankings.
2026-01-09,6,The Beginner's Guide to Technical SEO,https://ahrefs.com/blog/technical-seo/,"Technical SEO is the practice of optimizing your website to help search engines find, crawl, understand, and index your pages."
2026-01-09,7,What is Technical SEO?,https://www.geeksforgeeks.org/blogs/what-is-technical-seo/,Technical SEO is a method of optimizing a website's technical elements to improve its performance in SERPs or Search Engine Result Pages.
2026-01-09,8,Advanced Technical SEO: A Complete Guide,https://www.searchenginejournal.com/technical-seo/,"Technical SEO covers all of the technical aspects of your website that affect SEO, from hosting and site speed to XML sitemaps and meta robots tags."
2026-01-10,1,TechnicalSEO.com | SEO Tools & Insights,https://technicalseo.com/,"Technical SEO is defined by configurations that can be implemented to the website and server (e.g. page elements, HTTP header responses, XML Sitemaps, redirects ..."
2026-01-10,2,Technical SEO Techniques and Strategies,https://developers.google.com/search/docs/fundamentals/get-started,"This guide covers more in-depth SEO tasks, such as preparing for a site move or managing a multi-lingual site."
2026-01-10,3,What Is Technical SEO? Basics and Best Practices,https://www.semrush.com/blog/technical-seo/,"Technical SEO is about improving your website to make it easier for search engines to find, understand, and store your content."
2026-01-10,4,What Is Technical SEO? The Definitive Guide,https://searchengineland.com/guide/what-is-technical-seo,"Technical SEO is the process of optimizing your website's infrastructure so search engines can crawl, render, index, and serve your content correctly and ..."
2026-01-10,5,The Beginner's Guide to Technical SEO,https://ahrefs.com/blog/technical-seo/,"Technical SEO is the practice of optimizing your website to help search engines find, crawl, understand, and index your pages."
2026-01-10,6,Technical SEO,https://www.mtu.edu/umc/services/websites/seo/technical-seo/,Technical SEO is the process of optimizing the technical aspects of a website to improve its search engine rankings.
2026-01-10,7,What is Technical SEO?,https://www.geeksforgeeks.org/blogs/what-is-technical-seo/,"Technical SEO, in simple terms, refers to the optimization of a website's technical elements to improve its visibility and performance in ..."
2026-01-10,8,Introduction to Technical SEO Basics,https://neilpatel.com/blog/technical-seo/,Technical SEO is the process of making your site more easily crawled and indexed by search engines. Learn the importance and basics of tech SEO here.
